message_id,match_pair_id,from_session_id,text,timestamp
msg-01-01,pair-01,u-a043ba,hihi 感觉今天的空气都是甜的,2026-04-19T09:16:00Z
msg-01-02,pair-01,u-e16038,哈哈哈你这么夸张 但是我也想这么说,2026-04-19T09:17:00Z
msg-01-03,pair-01,u-a043ba,要不要互道一件最近最开心的事,2026-04-19T09:18:00Z
msg-01-04,pair-01,u-e16038,昨天朋友们给我办了个惊喜生日,2026-04-19T09:21:00Z
msg-01-05,pair-01,u-a043ba,wow那画面一定很温暖,2026-04-19T09:23:00Z
msg-01-06,pair-01,u-e16038,哭着笑着的那种 你呢,2026-04-19T09:25:00Z
msg-01-07,pair-01,u-a043ba,我刚offer落定 要去搬家啦,2026-04-19T09:27:00Z
msg-02-01,pair-02,u-f511d9,天啊我今天状态好好，感觉什么都能做！,2026-04-19T09:21:00Z
msg-02-02,pair-02,u-cb8f68,懂！我也是，刚跑完步整个人都在发光哈哈,2026-04-19T09:23:00Z
msg-02-03,pair-02,u-f511d9,跑步？我刚从一个超棒的会议出来,2026-04-19T09:24:00Z
msg-02-04,pair-02,u-cb8f68,一定要讲来听听，我想蹭你的能量,2026-04-19T09:25:00Z
msg-02-05,pair-02,u-f511d9,客户直接说下季度签更大的单了,2026-04-19T09:26:00Z
msg-02-06,pair-02,u-cb8f68,太爽了吧！庆祝一下,2026-04-19T09:28:00Z
msg-03-01,pair-03,u-a5534e,下午的光好好看,2026-04-19T09:30:00Z
msg-03-02,pair-03,u-a92b26,是啊 刚在阳台上坐了好久,2026-04-19T09:32:00Z
msg-03-03,pair-03,u-a5534e,什么都没做但是很满足,2026-04-19T09:34:00Z
msg-03-04,pair-03,u-a92b26,这种时刻真的很少,2026-04-19T09:36:00Z
msg-03-05,pair-03,u-a5534e,希望能再长一点,2026-04-19T09:37:00Z
msg-04-01,pair-04,u-e5a6e7,我刚睡醒 天还没黑 好幸福,2026-04-19T09:40:00Z
msg-04-02,pair-04,u-43849e,我懂那种感觉 像偷来的时间,2026-04-19T09:41:00Z
msg-04-03,pair-04,u-e5a6e7,你今天过得怎么样,2026-04-19T09:44:00Z
msg-04-04,pair-04,u-43849e,慢慢的 什么都不急,2026-04-19T09:45:00Z
msg-04-05,pair-04,u-e5a6e7,真好 我也想这样一整天,2026-04-19T09:48:00Z
msg-05-01,pair-05,u-16f8fd,今天感觉有点像在等什么,2026-04-19T09:54:00Z
msg-05-02,pair-05,u-0ba84a,懂 我也是 心一直提着,2026-04-19T09:57:00Z
msg-05-03,pair-05,u-16f8fd,你在等什么呢,2026-04-19T09:58:00Z
msg-05-04,pair-05,u-0ba84a,面试结果 你呢,2026-04-19T10:01:00Z
msg-05-05,pair-05,u-16f8fd,一个很想要的回复 不知道会不会来,2026-04-19T10:03:00Z
msg-05-06,pair-05,u-0ba84a,我们一起屏住呼吸吧,2026-04-19T10:06:00Z
msg-06-01,pair-06,u-352fee,今天没什么特别的,2026-04-19T10:03:00Z
msg-06-02,pair-06,u-9715fc,我也是 上班下班,2026-04-19T10:04:00Z
msg-06-03,pair-06,u-352fee,晚饭吃什么,2026-04-19T10:07:00Z
msg-06-04,pair-06,u-9715fc,不知道 随便煮点面,2026-04-19T10:09:00Z
msg-06-05,pair-06,u-352fee,其实这样也挺好,2026-04-19T10:12:00Z
msg-07-01,pair-07,u-89fecb,累死了 刚躺下,2026-04-19T10:09:00Z
msg-07-02,pair-07,u-b6a5e7,我也是 连外卖都不想点,2026-04-19T10:12:00Z
msg-07-03,pair-07,u-89fecb,哈哈哈我就啃了两片面包,2026-04-19T10:15:00Z
msg-07-04,pair-07,u-b6a5e7,早点休息吧 明天再说,2026-04-19T10:16:00Z
msg-08-01,pair-08,u-ed13a3,心跳一直很快 停不下来,2026-04-19T10:19:00Z
msg-08-02,pair-08,u-2e97cc,我也是 今天一直在出汗,2026-04-19T10:22:00Z
msg-08-03,pair-08,u-ed13a3,你在担心什么,2026-04-19T10:25:00Z
msg-08-04,pair-08,u-2e97cc,明天的 presentation 我还没准备好,2026-04-19T10:28:00Z
msg-08-05,pair-08,u-ed13a3,我懂那种感觉 我的是一个决定 但是不知道该不该做,2026-04-19T10:29:00Z
msg-08-06,pair-08,u-2e97cc,深呼吸 数到四 我们一起,2026-04-19T10:30:00Z
msg-08-07,pair-08,u-ed13a3,好...,2026-04-19T10:32:00Z
msg-08-08,pair-08,u-2e97cc,慢慢来,2026-04-19T10:35:00Z
msg-09-01,pair-09,u-d33764,心跳一直很快 停不下来,2026-04-19T10:27:00Z
msg-09-02,pair-09,u-3e7d80,我也是 今天一直在出汗,2026-04-19T10:29:00Z
msg-09-03,pair-09,u-d33764,你在担心什么,2026-04-19T10:31:00Z
msg-09-04,pair-09,u-3e7d80,明天的 presentation 我还没准备好,2026-04-19T10:32:00Z
msg-09-05,pair-09,u-d33764,我懂那种感觉 我的是一个决定 但是不知道该不该做,2026-04-19T10:34:00Z
msg-09-06,pair-09,u-3e7d80,深呼吸 数到四 我们一起,2026-04-19T10:35:00Z
msg-09-07,pair-09,u-d33764,好...,2026-04-19T10:36:00Z
msg-09-08,pair-09,u-3e7d80,慢慢来,2026-04-19T10:38:00Z
msg-10-01,pair-10,u-4c76ff,下雨天总是让人emo,2026-04-19T10:36:00Z
msg-10-02,pair-10,u-8b24f9,是 我也一整天没什么力气,2026-04-19T10:37:00Z
msg-10-03,pair-10,u-4c76ff,其实这种时候 有人陪就好很多,2026-04-19T10:38:00Z
msg-10-04,pair-10,u-8b24f9,谢谢你愿意陪我聊,2026-04-19T10:41:00Z
msg-10-05,pair-10,u-4c76ff,我们可以就这样不说话也可以,2026-04-19T10:42:00Z
msg-11-01,pair-11,u-31e399,下雨天总是让人emo,2026-04-19T10:49:00Z
msg-11-02,pair-11,u-698e3b,是 我也一整天没什么力气,2026-04-19T10:51:00Z
msg-11-03,pair-11,u-31e399,其实这种时候 有人陪就好很多,2026-04-19T10:54:00Z
msg-11-04,pair-11,u-698e3b,谢谢你愿意陪我聊,2026-04-19T10:57:00Z
msg-11-05,pair-11,u-31e399,我们可以就这样不说话也可以,2026-04-19T10:58:00Z
msg-12-01,pair-12,u-34eee5,什么都提不起劲,2026-04-19T10:59:00Z
msg-12-02,pair-12,u-2db9fa,我陪你一会儿 不用说话也可以,2026-04-19T11:00:00Z
msg-12-03,pair-12,u-34eee5,谢谢...,2026-04-19T11:03:00Z
msg-12-04,pair-12,u-2db9fa,你吃饭了吗,2026-04-19T11:06:00Z
msg-12-05,pair-12,u-34eee5,还没,2026-04-19T11:07:00Z
msg-12-06,pair-12,u-2db9fa,要不要先去吃点什么 哪怕是一块面包,2026-04-19T11:09:00Z
msg-12-07,pair-12,u-34eee5,好 我去试试,2026-04-19T11:11:00Z
msg-13-01,pair-13,u-b3a47e,天啊我今天状态好好，感觉什么都能做！,2026-04-19T11:09:00Z
msg-13-02,pair-13,u-d1640c,懂！我也是，刚跑完步整个人都在发光哈哈,2026-04-19T11:10:00Z
msg-13-03,pair-13,u-b3a47e,跑步？我刚从一个超棒的会议出来,2026-04-19T11:13:00Z
msg-13-04,pair-13,u-d1640c,一定要讲来听听，我想蹭你的能量,2026-04-19T11:14:00Z
msg-13-05,pair-13,u-b3a47e,客户直接说下季度签更大的单了,2026-04-19T11:17:00Z
msg-13-06,pair-13,u-d1640c,太爽了吧！庆祝一下,2026-04-19T11:18:00Z
msg-14-01,pair-14,u-605ef0,今天没什么特别的,2026-04-19T11:15:00Z
msg-14-02,pair-14,u-5aa58d,我也是 上班下班,2026-04-19T11:16:00Z
msg-14-03,pair-14,u-605ef0,晚饭吃什么,2026-04-19T11:19:00Z
msg-14-04,pair-14,u-5aa58d,不知道 随便煮点面,2026-04-19T11:21:00Z
msg-14-05,pair-14,u-605ef0,其实这样也挺好,2026-04-19T11:23:00Z
msg-15-01,pair-15,u-4c1dd3,累死了 刚躺下,2026-04-19T11:28:00Z
msg-15-02,pair-15,u-d74c30,我也是 连外卖都不想点,2026-04-19T11:31:00Z
msg-15-03,pair-15,u-4c1dd3,哈哈哈我就啃了两片面包,2026-04-19T11:34:00Z
msg-15-04,pair-15,u-d74c30,早点休息吧 明天再说,2026-04-19T11:36:00Z
msg-16-01,pair-16,u-e49f09,什么都提不起劲,2026-04-19T11:36:00Z
msg-16-02,pair-16,u-5c6f1e,我陪你一会儿 不用说话也可以,2026-04-19T11:39:00Z
msg-16-03,pair-16,u-e49f09,谢谢...,2026-04-19T11:41:00Z
msg-16-04,pair-16,u-5c6f1e,你吃饭了吗,2026-04-19T11:44:00Z
msg-16-05,pair-16,u-e49f09,还没,2026-04-19T11:46:00Z
msg-16-06,pair-16,u-5c6f1e,要不要先去吃点什么 哪怕是一块面包,2026-04-19T11:49:00Z
msg-16-07,pair-16,u-e49f09,好 我去试试,2026-04-19T11:50:00Z
